Keys,Chinese
otherLocalsFuture,其他语言的本地化工作正在开发中。
task-defeatCondition-0,如果你的建筑被摧毁，你将被击败。
task-destroyProd,摧毁敌方工厂：
task-captPoints,占领据点：
task-destroyLastUnits,清剿残敌：
demoFaction-rebels,叛军
demoFaction-rebels-info,"一支较为传统的阵营，以机动灵活的轻型单位为主。
作为新手对手非常合适，其火力天生偏弱。"
demoFaction-mutants,变异体
demoFaction-mutants-info,"不断逼迫你进入近战的重装突击单位会带来严峻的阻碍。
适合经验丰富的指挥官。"
demo-selectEnemyFaction,选择对手
version,版本：
volume-master,总音量
volume-music,音乐
volume-voices,语音
volume-sfx,音效
volume,音量
camera,镜头
borderCameraSpeed,边缘滚动速度
mouseCameraSpeed,速度
vsync,垂直同步
fpsLock,限制 60 帧
fullScreen,全屏
cameraInterpolation,镜头平滑
cameraShake,镜头震动
brightness,亮度
graphics,画面
res-widescreen-guid,若标准分辨率无法生效：请使用游戏根目录下的配置文件，参数名为 override res。
controls,操作
controls-dev,自定义快捷键功能正在开发中。
controls-text,"Shift + 下达命令 —— 将命令加入队列。
Shift + 左键点击单位/框选 —— 加入已选部队。
Ctrl + 左键点击单位/框选 —— 从已选部队中移除。

T / Ctrl + 1…9 —— 编入快捷编队。

Ctrl + Q/A/Z —— 本机装备的快捷键。

A（无目标时）—— 移动攻击。
P —— 巡逻。
G（按住）—— 倒车。
B —— 全局维修。
S —— 停止命令。

E —— 第一个技能。
R —— 第二个技能。

Tab —— 在已选单位之间切换。
波浪键 (~) —— 切换选项页。
Q —— 选项 1。
W —— 选项 2。
A（在选项栏中）—— 选项 3。
S —— 选项 4。
Z —— 选项 5。
X —— 选项 6。
D —— 选项 7。
C —— 选项 8。
F —— 选项 9。
V —— 选项 10。

F1 —— 选中所有工程单位。
F2 —— 选中所有作战单位。
F3 —— 选中所有单位。

空格 —— 战术暂停。
Esc —— 暂停。
I —— 隐藏界面。
Alt + 滚轮 —— 缩放视野。
Alt + 按住滚轮 —— 旋转镜头。"
endStats-stats,战斗统计：
endStats-time,用时：
endStats-lossesPeople,人员伤亡：
endStats-shots,大口径炮弹发射数：
endStats-lossesUnits,单位损失：
endStats-lossesSupply,补给单位损失：
endStats-killedUnits,歼灭敌方单位：
endStats-killedSupply,歼灭敌方补给单位：
endStats-killedBuilds,摧毁敌方建筑：
endStats-resCollected,采集资源：
endStats-diffAndSize,难度与规模：
endMisson-victory,胜利
endMisson-defeat,失败
endMisson-retreat,撤退
weather-meteorStart,注意。雷达探测到平流层残骸正在坠落。请分散部署。
weather-meteorEnd,雷达上已没有残骸信号。
weather-rainStart,气象中心传来数据：预计将有强风暴来袭，请做好防范。
weather-toxicStart,传感器探测到酸雨临近。请进入建筑内躲避。
weather-toxicEnd,酸雨已经结束，可以呼吸了。
missionText-reinforcements,增援部队正在赶来。
missionText-reinforcementsEnemy,敌人呼叫了增援。
missionText-endSurvivors,敌人仍保有相当规模的部队。清剿残敌。
reinforcementsInMove,增援部队行军中
eta-tacticalAbility,预计时间：
placing-repos,重新部署
placing-blockedExit,出口被堵住
placing-noSpace,空间不足
placing-mineralsNear,离矿脉太近
placing-terrainNotFlat,地形崎岖
placing-otherPlans,与其他规划冲突
placing-isOutside,超出建造区域。
placing-isOutside2,超出区域。
placing-onTarget,放置目标：
selectObject,选择对象
mainmenu,主菜单
continue,继续
no,否
yes,是
next,下一步
save,保存
start,启动
play,开始游戏
exit,退出
settings,设置
genRepairStarted,维修已开始
genRepairStoped,维修已取消
genRepairNoDamage,无损伤
fantomTip,右键点击取消。
aim-gui-rear,受击角度：后方/侧面
aim-gui-front,受击角度：正面
or,或
object,对象
doctrine,全局升级/学说
affects,影响：
localUpgrade,本机装备
localUpgradeHave,该装备可用于：
removeOptions,移除选项：
addOptions,添加选项：
required,需要：
availableUnits,可用单位
startArmyLeftMenu-info,在左侧菜单中选择单位。
deploy-zones,部署区域
deploy-reset,重置
deploy-startBattle,开始战斗
strikeGroups,打击群
curStrikeGroup,当前编组
startArmy,你的打击部队
startArmy-info,用于早期进攻或防御作战的开局部队。
slideTwhoInfo,武器及其他 >>>
noStartWeapon,该对象没有标准武器。
mainParams,主要参数：
antiAir,防空能力
sizeType,体型：
small,小型
medium,中型
large,大型
special,特殊
armoreType,装甲类型：
vehicle,载具
infantry,步兵
building,建筑
hitpoints,生命值
extraHitpoints,额外生命值
mainArmore,主装甲
rearArmore,侧后装甲
gasResist,毒气抗性
fireResist,火焰抗性
areaDmgResist,范围伤害抗性
movespeed,移动速度
rotatespeed,转向速度
back,返回
mainWeapon,主武器：
defaultOptions,标准选项
basicOptions,主要选项
sideOptions,附加选项
mgWeapon,速射武器
cannonWeapon,重型武器
projectileWeapon,火炮武器
turretSpeed,炮塔转速
hullAim,车体瞄准
cleanDmg,纯粹伤害
dmgToInfantry,对步兵伤害
dmgToVehicle,对载具伤害
dmgToBuild,对建筑伤害
dmgRadius,范围伤害半径
reloadTime,装填时间
reinforementsGm,来自全局地图的增援。
groupAssigned,编组已分配到数字键：
modeSreenSelect,限制范围开关
modeSreenSelect-info,开启后：双击选中一个对象，再选取同类单位时，范围将限制在当前屏幕内。
allSelect,选中所有单位。
baseSelect,选中所有建造类建筑。
fSelect-info,再次点击会跳到列表中的第一个。
allArmySelect,选中所有作战单位。
groupSelected,已选中编组 {0}
buildersSelected,已选中工程单位
armySelected,已选中所有作战单位
allUnitsSelected,已选中所有单位
resourcesFull,采集车已满载
tacticalPause,战术暂停
pause,暂停
anchor,锚点
anchor-info,镜头将以你设置锚点时所处的位置为中心旋转。
reset,重置 >
noVision,无视野
materials,材料
materials-info,主要资源。用它可以建造建筑、招募部队。
supply,补给
supply-info,"战场上的部队上限。

建造补给站或仓库可以提高上限。

扩张没有上限。"
gears,零件
gears-info,生产高科技单位与建筑所需的资源，主要通过全局地图补充。
energyPower,电力
energyPower-info,你的基地电网负荷。若为负值（供电不足），生产将大幅减速，炮塔也会停止工作。
sirenaToggle,警报开关
cameraReset,重置镜头
optionsToBuild,切换标签页
optionsToBuild-info,该对象有两个选项页。点击即可切换。
repairGlobal,维修
repairGlobal-info,可维修选中的固定建筑。维修需要消耗材料。正在维修的对象数量显示在上方。
prodPause,暂停生产
prodPause-info,暂停当前生产。
prodLoop,循环生产
prodLoop-info,生产队列将循环执行。当队列中排在其后的单位所需资源凑齐后，刚生产出的单位会立刻重新排入队尾。
mapLock,锁定旋转
mapLock-info,小地图将随镜头一起旋转。
mapKnobScale,小地图尺寸
mapKnobScale-info,滚动鼠标滚轮可改变尺寸。
mapKnobRot,旋转小地图
mapKnobRot-info,滚动鼠标滚轮可改变方向。
modeBehaviour,行为模式
modeBehaviour-info,共有两种模式：防御与进攻。防御模式下属下会坚守阵地；进攻模式下会主动出击。
attackPriority,攻击优先级
attackPriority-info,当该类型的目标进入射程后，单位将优先转火的目标类型。
attackBlock,禁止攻击
attackBlock-info,使单位停止向目标开火或瞄准。
aclick,移动攻击
aclick-info,指定单位前进的位置。单位将朝该方向移动，并攻击射程内的一切目标。
patrolOrder,巡逻
patrolOrder-info,单位将在该区域巡逻。
strikeGroupMain,主打击群
strikeGroupMain-info,可直接投入战场的部队。你还会获得一座可移动的指挥车，用来建设基地。
strikeGroupAdd,来自全局地图的增援
strikeGroupAdd-info,"试玩版中没有全局地图，但你可以指定呼叫增援时会有哪些部队抵达战场。
你带上来的部队越多，等待下一次增援的时间就越长。

点击选择。"
difficultyLevel,敌方难度
difficultyLevel-info,"难度系数会影响敌方的整体强度。

以下是可供参考的数值：
+0.5 —— 简单难度。
+1.5 —— 普通难度。
+3 —— 困难难度。

系数超过 2.5 后，AI 会开始作弊。"
enemyBaseScale,敌方基地规模
enemyBaseScale-info,"地图上生成的建筑数量。
最终的建筑数量会影响游戏难度与时长。"
unit-bmp,BMP 步兵战车
unit-bmp-info,装甲防护良好的重型步兵战车。
unit-rifleSquad,步枪班
unit-rifleSquad-info,步枪兵属于轻步兵。他们靠的是人多势众。
unit-brem,BREM 抢修车
unit-brem-info,主力维修车辆。能够维修载具，也能让受损的超重型载具重新投入使用。
unit-bronenosets,铁甲舰
unit-bronenosets-info,「铁甲舰」是重型突击坦克。装甲极为厚实，还能在战场上自我修复。
unit-btr,BTR 装甲输送车
unit-btr-info,装备高射机枪的装甲输送车。
unit-btrFlamer,喷火装甲输送车
unit-btrFlamer-info,在标准装甲输送车基础上改装的喷火车辆。装甲较轻，速度高于平均水平，能把地面点燃。
unit-armcar,装甲汽车
unit-armcar-info,装备防弹装甲的车辆。侦察的理想选择，配有轻型高射炮，速度极快。
unit-dreadHowitzer,无畏级「榴弹炮」
unit-dreadHowitzer-info,超重型火炮。战场上可自由机动的威力最强火炮。
unit-dreadnought,无畏级
unit-dreadnought-info,超重型火炮。防御、筑垒以及长期围攻敌军防线时不可或缺。展开为固定状态后，也能支援进攻。
unit-flameTank,喷火坦克
unit-flameTank-info,装甲喷火车辆。喷射式喷火器会持续点燃地面。耐久高，机动性差。
unit-combine,采集车
unit-combine-info,从地表采集有用矿物的工程车辆，是经济的支柱。这类单位越多越好。
unit-massInfantry,步兵集群
unit-massInfantry-info,大规模步兵班。由数量更多的轻甲步枪兵和一名装备反坦克榴弹发射器的步兵组成。
unit-gorbTank,「驼峰」重型坦克
unit-gorbTank-info,"量产的突破型重型坦克，全方位装甲防护，无炮塔。
对建筑和大型集群十分有效。"
unit-atSquad,反坦克班
unit-atSquad-info,"装备反坦克武器的轻步兵。
命中后对载具和建筑造成可观伤害。"
unit-molot,「铁锤」榴弹炮
unit-molot-info,"自行榴弹炮，最主力、也最常见的火炮。
数量越多威力越大。需要展开后才能射击。"
unit-brutes,蛮兵
unit-brutes-info,迟缓、笨拙、畸形，却是武装过的炮灰。组装体想怎么拼就怎么拼——对你而言，这就是免费的「蛮力」。
unit-spotters,观测组
unit-spotters-info,由一名狙击手和一名观测手组成的小队。他们使用背负式重型电台，可以从任意距离引导炮火打击目标。
unit-heavyInfantry,突击班
unit-heavyInfantry-info,用途广泛的步兵单位，包含一名重型高射炮手和一个步枪班。机炮手十分强壮且耐久。
unit-supvehicle,机动支援营地
unit-supvehicle-info,可移动的步兵营地，为步兵提供支援。
unit-mainTank,「T-50B」坦克
unit-mainTank-info,主战坦克。用途广泛、装备量大，采用履带底盘，可执行进攻作战。对载具和建筑有效。
unit-rszo,「旋涡」多管火箭炮
unit-rszo-info,射程远，但最短射程也远。散布范围大，适合覆盖大面目标。火箭弹装有大量燃烧装药。
unit-yak,P-2 截击机
unit-yak-info,截击机。重型机枪足以对付任何空中目标。
unit-aaTank,「喷焰」自行高炮
unit-aaTank-info,重型自行高射炮。既能打掉空中目标，也能直接对地射击。
unit-zeppelin,重型运输飞艇
unit-zeppelin-info,运送装备。可加装一挺轻机枪。
unit-mcv,MCV 机动建造车
unit-mcv-info,移动式装配车间，也是工程单位的移动指挥所。它负责基地建设，并与指挥部保持通信。
unit-mgTurret,「AK-30」炮塔
unit-mgTurret-info,用途广泛的炮塔，能打击步兵并击落低空飞行的敌机。可以移动。
unit-repairPad,维修场
unit-repairPad-info,维修驶入场地的装备。可以移动。
unit-bigBrem,「大力士」重型抢修车
unit-bigBrem-info,重型维修车辆。可修理邻近格内的载具，另有治疗步兵的升级。
unit-cerber,地狱犬
unit-cerber-info,骨骼强健的装甲突击变异体。战斗中能轻松恢复生命值。自身无法移动，装有两门火炮。
unit-corrupter,腐化母体
unit-corrupter-info,"独特的召唤型炮兵单位。攻击时会通过地面放出小蠕虫充当鞭子，同时召来一群飞虫。
近战脆弱。"
unit-fatSwarm,肥硕爬虫
unit-fatSwarm-info,爬虫就是小号的地狱犬。有装甲、行动迟缓，对建筑伤害可观。
unit-gnus,恶心食砼虫
unit-gnus-info,它消化金属同样在行。飞虫擅长吞食载具，并让步兵陷入混乱。
unit-mutantHarv,巨型采集兽
unit-mutantHarv-info,变异体采集兽是一头巨大而缓慢的运输兽，运载材料的能力十分惊人，是变异体主要的经济单位。
unit-massMeat,血肉聚合体
unit-massMeat-info,重新复活、还能站起来的杂物堆。生命值极高，体型极其庞大。
unit-meat,肉糜
unit-meat-info,长着腿的一小块肉。用腐烂的弹药射击，对步兵效果显著。
unit-gigant,巨人
unit-gigant-info,「巨像」系列的变异体。无论从哪种意义上说，都极具破坏力。
unit-muha,变异飞虫
unit-muha-info,装备火箭发射器的大型变异飞虫，飞行速度很快。
unit-warriors,变异战士
unit-warriors-info,变异步枪步兵。这些与机枪长在一起的变异生物，火力输出远超同类。
unit-oldTank,老旧坦克
unit-oldTank-info,用废料和其他坦克零件拼装的三履带老式坦克。性能平平，略微偏向对付步兵。
unit-scumMutant,病态变异体
unit-scumMutant-info,变异体的重型步兵。它们单独游荡，惧怕重武器，但在对射中无人能敌。
unit-spider,蜘蛛
unit-spider-info,严格来说并不是蜘蛛，只是因为它细长的腿而得名。速度极快，对付载具十分有效，极其适合侧翼包抄。几乎没有耐久度。
unit-swarm,蠕虫群
unit-swarm-info,既是变异体的口粮，也是它们的突击手段。只要能贴近，就能迅速撕碎步兵。
unit-toxicArtillery,「腐毒」长炮
unit-toxicArtillery-info,远程火炮。携带致命装药的弹丸以极高弹道飞越长距离。对建筑效果显著。
unit-baloon,战斗气球
unit-baloon-info,在中低空飞行的轻型热气球，装有对地射击的火箭发射器。
unit-sonicWagon,声波炮车
unit-sonicWagon-info,专门用于疏通民用管网的机械，用来摧毁血肉和轻型装备同样合适。
unit-assaultTruck,突击卡车
unit-assaultTruck-info,重型突击车辆，侧翼炮座上装有机炮和高射机枪。生存性高，但装甲并非最佳。
unit-buggy,改装皮卡
unit-buggy-info,装有重型高射机枪的轻型车辆。速度快、装甲薄，非常适合侦察和小规模步兵交锋。
unit-wheeledDom,移动家园
unit-wheeledDom-info,一栋形似巨型谷仓的房屋，可对周边作战区域下达指挥。可选武器种类繁多。叛军和匪帮有时会把它当作突击单位使用。
unit-smallTank,「M-40」坦克
unit-smallTank-info,以久远年代的样车为基础打造的轻型坦克。
unit-monocycle,T-2 独轮车
unit-monocycle-info,独轮车的重型版本。可抵御轻武器，但速度依然很快。
unit-ballista,弩炮
unit-ballista-info,机械化能量弩炮。重型近程火炮，可向指定位置快速放电造成高额伤害。机动性极差。
unit-warbot,无人机小队
unit-warbot-info,机械升格部队最轻型的单位。有装甲、速度较快，每小队配两架无人机。对步兵极为有效。
unit-robotHarv,无人机采集车
unit-robotHarv-info,用于采集地图上可用资源的采集车。机械升格更看重采集与运输的速度而非容量，因此你需要相当多的数量。
unit-liner,重型巡防机
unit-liner-info,专为基地防御和战斗侦察设计的大型机械装置。
unit-seeker,追踪者
unit-seeker-info,防空重力坦克。发射带范围伤害的导弹，对步兵同样有效，但难以击穿装甲载具。
unit-spear,电弧长矛
unit-spear-info,机械升格的重型火炮。对所有目标都极为强力，并且拥有可移动的底座。
unit-roboTank,等离子坦克
unit-roboTank-info,机器人的主战坦克，以重力驱动。同类中的佼佼者。
unit-devastator,「毁灭者」坦克
unit-devastator-info,搭载机器人技术能量武器的重型车辆，侧翼炮座还装有机枪。
unit-tankBeam,「光束」坦克
unit-tankBeam-info,装有重型等离子切割器的坦克。
unit-marauder,掠夺者
unit-marauder-info,装有导弹发射器的小型卡车。
unit-tvmech,电视战车
unit-tvmech-info,又一件来自过去的载具。雇佣兵版本配备了更强的装甲和一门 50 毫米机炮。
unit-rafa,拉法三蹦子
unit-rafa-info,小巧快速的三轮车，装有四枚导弹。
unit-scorpion,天蝎
unit-scorpion-info,废土火炮。简单直接，性能中规中矩。
build-oilPump,废弃矿井
build-oilPump-info,修好这座建筑就能获得额外资源。
build-medPoint,医疗点
build-medPoint-info,医疗点可治疗小范围内的步兵，但会随时间损耗。
build-largePipe,大型管道
build-heavyWall,重型围墙
build-heavyWall-info,由超级混凝土构成的可拼装墙体，极为坚固。
build-heavyCover,重型掩体
build-heavyCover-info,这种掩体由耐久材料制成，步兵躲在后面能坚持更久。
build-armory,军械库
build-armory-info,"部分单位需要该建筑。

每多建一座，新部队的伤害提高 5%，最高 30%。"
build-atTurret,「AK-125」炮塔
build-atTurret-info,固定式反坦克炮塔。内部装有自动装弹机，射速很高。
build-avanpost,前哨站
build-avanpost-info,前哨站是跨区域通信的一环，这类建筑多分布在荒原上。
build-barn,仓库
build-barn-info,提高补给上限。
build-bigBarn,大型仓库
build-bigBarn-info,大幅提高补给上限。便于快速扩张，更适合后期冲突。
build-barracks,兵营
build-barracks-info,生产步兵单位的主要建筑。可以用它把各类兵员召上战场。
build-bunker,地堡
build-bunker-info,坚固的防御建筑，可容纳步兵单位。配合相应升级还能恢复步兵生命值。
build-largeCrane,建造起重机
build-largeCrane-info,"增加一条建筑建造队列，并显著扩大建造范围。

可维修小范围格内的装备。"
build-tankFactory,机械厂
build-tankFactory-info,"生产载具单位的主要建筑。

连续建造这些建筑可获得生产折扣。"
build-flamerTurret,喷火炮塔
build-flamerTurret-info,喷射式喷火器会持续点燃周边区域，对步兵和轻型载具造成可观伤害。视野与瞄准角度有限。
build-generator,发电站
build-generator-info,提高电网负荷。若电力为负，大部分防御建筑将失效，部队生产也会变慢。
build-smallgen,轻型发电机
build-smallgen-info,便宜又小巧的发电机。
build-massfab,物质合成器
build-massfab-info,物质合成器。内部的催化剂消耗大量电力，从深层矿物尘埃中产出标准资源。
build-radar,雷达站
build-radar-info,可用于侦察和地形扫描，还能标出静止的敌方建筑。
build-refinery,精炼厂
build-refinery-info,"矿物加工厂，把矿物加工成主要资源。

处理能力大约相当于两台采集车。"
build-silo,储料仓
build-silo-info,提高材料（主要资源）的存储上限。
build-resStation,资源平台
build-resStation-info,这座建筑让你能从全局地图获取资源。只要有资源可用，运输车就会自动开始卸货。
build-complector,组装体
build-complector-info,"生产「蛮兵」的生物工程站。

联动机制：
- 附近的兵营享受 5% 折扣。
- 发电站可加快「蛮兵」生产。
- 储料仓提高「蛮兵」数量上限。

已有的组装体会提高彼此的「蛮兵」上限。"
build-foundry,铸造厂
build-foundry-info,"部分单位需要该建筑。

每多建一座，新单位的耐久提高 10%，最高 50%。"
build-supplyDepot,补给站
build-supplyDepot-info,为你的部队提供持续保障，同时解锁放置临时补给点的能力。
build-trench,战壕
build-trench-info,与其他防御建筑相比，建造最便宜、最快。
build-yarus,「层级」发射井
build-yarus-info,实验性发射合成井，生产配备高爆弹头的重型导弹，并控制其发射。
build-subgen,附加发电机
build-subgen-info,固体燃料发电机，可提供额外电力，能安装在标准发电站上。
buid-aaStratTower,防空塔
buid-aaStratTower-info,重型防空炮塔。高射炮可在远距离击落空中目标，并造成大面积伤害。最好尽快将其摧毁或占领。
build-civsStructs,民用建筑
object-ostov,废墟
object-container,集装箱
unit-heavyBomber,重型轰炸机
build-midStrat,特殊建筑
build-midStrat-info,具有特定用途的专门建筑。理论上，控制它们就能取得优势。
build-ostov,废墟
build-strategicStructure,战略建筑
build-strategicStructure-info,规模可观的建筑，根据任务不同，会在全局地图和战术模式中承担战略职能。
build-flyPod,飞虫之母
build-flyPod-info,生产飞行变异体的生物工厂。
build-mutantBarrack,变异体巢穴
build-mutantBarrack-info,形似巢穴的变异体住所。可容纳并装备你召上战场的步兵单位，是生产步兵的主要建筑。
build-bioSpot,生物泡巢
build-bioSpot-info,多功能建筑，可提高补给上限、储存材料，顺便还能提供电力。
build-bioCapsule,生物舱
build-bioCapsule-info,单位储存舱。放出其中的变异体。
build-mutantFactory,塑形巢
build-mutantFactory-info,生产生物机械、重型变异体以及其他类机械装备的工厂，是生产载具单位的主要建筑。
build-oddFlak,异形防空炮
build-oddFlak-info,用于击落敌机的速射炮塔。
build-massMeatPool,血肉池
build-massMeatPool-info,培育巨型变异体的大型建筑。处于静止状态时，它相当于远程火炮，在战场上极难被忽视。
build-bioRefinery,猎物之胃
build-bioRefinery-info,加工矿物的生物工坊，是变异体的主要经济建筑。
build-spitTurret,喷吐炮塔
build-spitTurret-info,大型火炮炮塔。对付载具和步兵效果出色，但弹道非常高、初速很低。
build-mutantPost,警戒幼体
build-mutantPost-info,用于控制区域的哨站。
build-wormTurret,地底蠕虫
build-wormTurret-info,能沿直线并覆盖范围造成突然伤害的蠕虫。只要够得着的目标都有效。没有火炮很难打中它。
build-airPit,飞行器巢坑
build-airPit-info,用废料拼装飞行器的工坊。
build-slavePost,奴隶主哨站
build-slavePost-info,一座巨大的奴隶仓库。冷知识：通常被俘虏的合成人也会被编为奴隶，毕竟他们别无选择。
build-troopShack,匪徒窝棚
build-troopShack-info,匪帮的巢穴。各路武装团伙盘踞在这些地区以扩张势力。这是招募叛军步兵的主要建筑。
build-machineShop,机械工坊
build-machineShop-info,堆满战利品、偷来的零件和半成品项目的废车场。叛军的装备就在这里拼装。
build-oldGenerator,发电机
build-oldGenerator-info,一种标准的、稍显老旧的固体燃料发电机。提高电网电力。
build-oldFlak,高射机枪塔
build-oldFlak-info,环形炮塔内的两挺重机枪，可对空、对地射击。
build-oldSilos,球形储料罐
build-oldSilos-info,简易的材料储存设施。
build-oldTower,瞭望塔
build-oldTower-info,用于控制领土的观察哨。
build-robotBarrack,轻步兵工坊
build-robotBarrack-info,组装步兵类部队的工坊，是机械升格阵营的主要步兵建筑。
build-robotFactory,机械体工厂
build-robotFactory-info,重型载具在此下线，是机械升格阵营的主要载具建筑。
build-robotGenerator,反应堆
build-robotGenerator-info,提高可用电网电力，让你能建造更多建筑而不损失炮塔功能、也不会拖慢部队生产。
build-robotRefinery,净化中心
build-robotRefinery-info,采集无人机在此卸载矿物，再由此产出建造与生产所需的材料。这是主要经济建筑。
build-robotSilo,储料仓
build-robotSilo-info,存放军队与基地建设所需的材料，提高材料上限。
build-plasmaTurret,等离子炮塔
build-plasmaTurret-info,用等离子切割器对付敌方载具。持续的纯粹伤害能烧穿任何装甲。
ability-artilleryGuid,炮火引导
ability-artilleryGuid-info,"所有处于「坚守阵地」模式的火炮都会向选定位置射击，不受射程限制。

若没有火炮处于所需模式，该技能将无法使用。"
ability-regroupHeal,就地整编
ability-regroupHeal-info,补充步兵班的兵员并恢复其生命值。
ability-exit,撤离
ability-exit-info,离开该建筑或载具。
ability-setMode,开启/关闭
ability-setMode-info,根据当前模式停止或开始工作。
ability-craneArrow,吊臂指向
ability-craneArrow-info,起重机将吊臂指向指定单位的方向。
ability-setupPos,加固
ability-setupPos-info,就地构筑工事。
ability-setupState,展开
ability-setupState-info,该对象展开为固定建筑。处于固定模式时，可重新折叠为移动状态。
ability-subArmore,再生装甲
ability-subArmore-info,"再生装甲过载，为载具提供额外耐久。小心！附近的步兵会受到严重伤害。

若载具耐久过低，过载可能使其损毁。"
ability-flakAmmo,防空弹药
ability-flakAmmo-info,单位将炮弹换成防空弹，使其能够对空射击，并对步兵造成更高伤害。
ability-selectInBunker,选择内部单位
ability-selectInBunker-info,该对象允许你选中放置在其中的单位。
ability-forcedFire,区域炮击
ability-forcedFire-info,强制炮击。若有已排队的命令，火炮会向选定区域持续约 10 秒的炮击。
ability-startHarvest,开始作业
ability-startHarvest-info,自动寻找合适的矿脉并开始采集。若仓储接近满载，则会前往卸货。
ability-harvDrop,补充采集车
ability-harvDrop-info,运输车会将一台新采集车送到战场。
ability-freeDefence,安保部队
ability-freeDefence-info,召来 6 个安保小队。他们能帮你挡住敌人或支援进攻，且不占用补给。
ability-regenStim,再生刺激剂
ability-regenStim-info,恢复生命值。
ability-mineSetup,布设地雷
ability-mineSetup-info,布设压发地雷。地雷不会立即激活。小心，你自己也可能踩到它们。
ability-scan,侦察扫描
ability-scan-info,驱散指定位置的战争迷雾。
ability-resReloc,暂停输送
ability-resReloc-info,暂停从全局地图调运资源。再次点击即可恢复。
ability-repair,维修
ability-repair-info,选择你想要维修的目标。
ability-rocketLaunch,导弹发射
ability-rocketLaunch-info,一枚战术导弹将对指定位置造成重大伤害。发射前请先侦察该区域。
ability-siegeMode,炮击阵地
ability-siegeMode-info,将所有系统切换至火炮模式，可对远距离区域实施炮击。
ability-smokeCurtain,烟幕
ability-smokeCurtain-info,烟雾会同时妨碍敌方与我方部队的瞄准。
ability-artShot,强力射击
ability-artShot-info,主炮向选定的位置/目标开火。
support-carpetBomber,燃烧弹幕
support-carpetBomber-info,"呼叫重型轰炸机实施凝固汽油弹打击。轰炸机可能被击落。

射程：3 个区域。"
support-gasBomber,毒气弹
support-gasBomber-info,"呼叫重型轰炸机投掷毒气弹。轰炸机可能被击落。

射程：3 个区域。"
support-combineDrop,补充采集车
support-combineDrop-info,将采集车空投到战场。
support-heavyBomber,重型炸弹
support-heavyBomber-info,"呼叫重型轰炸机投下 5 枚大型炸弹。炸弹造成范围伤害，爆心处伤害更高。轰炸机可能被击落。

射程：3 个区域。"
support-desant,空降兵
support-desant-info,一支小型步兵分队正在空降。
support-scouting,区域照明
support-scouting-info,在较长时间内驱散所选区域的战争迷雾。
support-techReinforce,建造物资增援
support-techReinforce-info,指挥部将紧急筹措一批额外的零件。
support-interceptor,截击机
support-interceptor-info,"呼叫一架 P-2 截击机在天空持续巡逻，也可用于空中侦察。
与火炮配合堪称完美。

射程：4 个区域。"
doctrine-bunkers,地堡
doctrine-bunkers-info,现在可以建造地堡了。与炮塔不同，它不需要电力。
doctrine-energetics,附加发电机
doctrine-energetics-info,解锁发电机扩展。MCV 还会获得一台便携发电机，为电网提供初始电力储备。
doctrine-harvDrop,紧急征召
doctrine-harvDrop-info,MCV 可以呼叫工程增援，空投一台额外的采集车。当工厂无法订购采集车时，这非常有用。
doctrine-macroEco,宏观经济
doctrine-macroEco-info,"允许建造物质合成器。被动资源产出，使其在后期几乎不可或缺。
它是会爆的。"
doctrine-repairExpansion,维修扩展
doctrine-repairExpansion-info,用一台起重机换取一辆重型抢修车，它能提供一小片建造区域、维修装备效果出色，还能随时转移位置。
doctrine-tacticalRockets,战术导弹
doctrine-tacticalRockets-info,实验性发射合成井，生产配备高爆弹头的重型导弹，并控制其发射。
doctrine-heavyTurrets,重型炮塔
doctrine-heavyTurrets-info,AK-125 炮塔对轻型、中型和重型载具都有效。加固底座带来更高强度，观测设备则提供更大的交战范围。
doctrine-flamerTurrets,喷火炮塔
doctrine-flamerTurrets-info,"将地面点燃。喷出混合物的温度足以摧毁哪怕轻型载具。

是消灭大规模敌集群的理想选择。"
doctrine-mgTurrets,机枪炮塔
doctrine-mgTurrets-info,"AK-30 防空机动炮塔射速高，对步兵伤害可观，也能有效打击轻型载具和空中目标。

它们可以移动并掘壕固守。一旦掘壕，炮塔便失去移动能力。"
doctrine-assault,突击学说
doctrine-assault-info,解锁一系列用于突击与清剿的武器，让你能够正面强攻、直接对撞。
doctrine-repairability,可维护性
doctrine-repairability-info,采集车受损后可以被维修。
doctrine-medic,机动指挥部
doctrine-medic-info,允许建造可移动的步兵营地。
doctrine-prototypes,原型机
doctrine-prototypes-info,雇佣兵将有机会提供远古的超重型载具，或基于失落技术打造的原型机。
doctrine-purger,净化学说
doctrine-purger-info,一款快速而危险的喷火装甲输送车，外加一辆用于突破工事的重型突击坦克。
doctrine-rszo,多管火箭炮
doctrine-rszo-info,用「黄玉」多管火箭炮替换「铁锤」身管火炮。
doctrine-siege,攻城学说
doctrine-siege-info,攻城学说解锁一系列攻城武器，强调压倒性的火力与大规模炮击。
doctrine-support,支援学说
doctrine-support-info,解锁重型步兵战车的使用权。
doctrine-tanks,坦克学说
doctrine-tanks-info,一辆大容量装甲输送车，装备重型高射机枪；外加一辆装有反坦克炮的主战坦克。适合各种局势的全能学说。
doctrine-armoredInfantry,装甲步兵
doctrine-armoredInfantry-info,解锁一个配有重型「禁卫军」伞兵的步兵班。
doctrine-barracksGrades,兵营塔楼
doctrine-barracksGrades-info,兵营获得若干本机升级供你选择。医疗塔可迅速治疗一个格内的步兵，步兵塔则能提供规模更大、火力更强的远程步兵班。
upgrade-siegeHowitzer,攻城榴弹炮
upgrade-siegeHowitzer-info,"无畏级的炮塔将被重型榴弹炮平台取代。

无法在移动中射击。"
upgrade-sideArmore,侧裙装甲
upgrade-sideArmore-info,为侧面提供一定防护。
upgrade-medBunker,医疗地堡
upgrade-medBunker-info,地堡可治疗周边步兵。
upgrade-autoCannons,机炮
upgrade-autoCannons-info,安装在侧翼炮座上的机炮。对付载具十分强力。
upgrade-heavyFlamers,重型喷火器
upgrade-heavyFlamers-info,为坦克装上重型喷火器。它们会点燃地面，并对步兵造成巨大伤害。
upgrade-harvRocket,导弹炮塔
upgrade-harvRocket-info,采集车顶部加装一座用于自卫的导弹炮塔。
upgrade-horn,战地号角
upgrade-horn-info,能鼓舞战士、增强其体能的战地号角。
upgrade-mgTurrets,机枪炮塔
upgrade-mgTurrets-info,为载具加装机枪炮塔。
upgrade-rocketTurrets,导弹炮塔
upgrade-rocketTurrets-info,为载具加装导弹炮塔。
upgrade-medBlock,医疗模块
upgrade-medBlock-info,缓慢恢复大范围格内步兵的生命值。
upgrade-medTower,医疗塔
upgrade-medTower-info,该塔还能额外治疗小范围格内的步兵。
upgrade-mineKit,雷场
upgrade-mineKit-info,布设地雷的成套工具。
upgrade-massFlaks,防空炮
upgrade-massFlaks-info,用「喷焰」防空炮座替换装甲汽车。
upgrade-repMobility,机动性
upgrade-repMobility-info,使维修场能够移动。
upgrade-infantryTower,步兵塔
upgrade-infantryTower-info,步兵炮塔将标准步枪兵换成规模更大的正规步兵班。炮塔还能发射大口径狙击步枪。
upgrade-trenching,加固
upgrade-trenching-info,用支撑柱和顶盖加固战壕，使其变成一座小型地堡。
upgrade-barricades,街垒
upgrade-barricades-info,在炮塔周围加筑街垒以提高生存性。炮塔的移动能力（若有）将丧失。
upgrade-nars,无制导火箭
upgrade-nars-info,为作战单位装备无制导火箭弹。
upgrade-miniCrane,小型吊臂
upgrade-miniCrane-info,加装一个小型吊臂式扩展，为该建筑开辟额外的建造队列。两座不同的建筑可以同时施工。
item-apShells,穿甲弹
item-apShells-info,弹丸的侵彻质量提高，对载具的伤害增加。
item-areaResist,抗爆层
item-areaResist-info,提高载具对范围伤害的抗性，但代价是牺牲直击防护。
item-armoreAdd,装甲内衬
item-armoreAdd-info,凭借工程学的魔力，我们在载具里又挤出空间加装了装甲，从而提高装甲值。
item-artilleryLoader,火炮自动装填机
item-artilleryLoader-info,更强力的火炮自动装填机。它能加快火炮装填速度，但占用更多空间，从而降低耐久。
item-canonsLoader,通用自动装填机
item-canonsLoader-info,通用性更强的自动装填机。它们体积更小，但效率略低。
item-compositAdd,附加复合装甲
item-compositAdd-info,战斗室腾出了空间容纳附加装甲，代价是自动装填机和弹药装填区的空间减少。
item-concrete,超级混凝土
item-concrete-info,提高建筑强度。
item-explShells,高爆弹药
item-explShells-info,炮弹装药更多，对步兵和建筑造成的伤害更高。
item-firePayload,燃烧战斗部
item-firePayload-info,你的炮弹现在携带燃烧装药，会点燃落点区域，代价是穿甲能力下降。
item-fireSuit,防火服
item-fireSuit-info,士兵装备中织入了特殊的耐火层，可抵御火焰伤害。
item-gasPayload,毒气战斗部
item-gasPayload-info,你的炮弹现在拥有毒气装填槽位。命中区域会出现毒气云，使敌人窒息。毒气可以被引爆。
item-infantryAddHp,体质强化
item-infantryAddHp-info,针对活体生物的一整套改造方案，可提高总体生存能力。副作用是有的。
item-infantryExtraHp,防弹背心
item-infantryExtraHp-info,一次性步兵护体甲。遗失不予补发。
item-morePayloads,更大载荷
item-morePayloads-info,"若你的弹丸装有燃烧、毒气或毒素装药，其持续时间与作用范围都会提升。
否则这项改装毫无用处。"
item-radio,电台
item-radio-info,小幅提高攻击距离。
item-scope,全景瞄准镜
item-scope-info,提高攻击距离，但需要占用装甲空间来安装。
item-steel,特种钢
item-steel-info,载具以总体耐久为代价换取更高的装甲。
item-stimulators,兴奋剂
item-stimulators-info,用于长途行军的兴奋剂。
item-subcalShells,次口径弹药
item-subcalShells-info,以通用性为代价，大幅提高对载具的伤害。
item-turretRot,炮塔驱动
item-turretRot-info,将发动机动力传递给炮塔驱动装置，提高其转动速度。
